size,time_ms
10,0.002142111111111111
100,0.0021847777777777777
1000,0.003195125
5000,0.006053800000000001
10000,0.009996
